Meter_ID,Billing_Period_Start,Billing_Period_End,Quantity,Unit,Cost,Currency,Location
METER-001,2024-01-01,2024-01-31,12500,kWh,1250.00,EUR,Plant-A
METER-002,2024-01-05,2024-02-04,8750,kWh,875.00,EUR,Plant-B
METER-001,2024-01-01,2024-01-31,12500,kWh,1250.00,EUR,Plant-A
METER-003,2024-02-01,2024-02-29,15000,kWh,1500.00,EUR,Warehouse-C
METER-002,2024-02-01,2024-02-28,9100,kWh,909.00,EUR,Plant-B
METER-004,2024-03-01,2024-03-31,5500,MWh,5500000,EUR,Office-D
METER-001,2024-02-01,2024-02-29,13200,kWh,1320.00,EUR,Plant-A
METER-005,2024-03-10,2024-04-09,18500,kWh,"1.850,00",EUR,Distribution-E
METER-003,2024-03-01,2024-03-31,14800,kWh,1480.00,EUR,Warehouse-C
